_id,uuid,searchHistory,fileName
66069e2cc3fcf1382b782f42,66069c9ec3fcf1382b782f41,bocchi_hitori,e107f880-edba-11ee-bf95-01ac90ad8db3.jpeg
66069f30c3fcf1382b782f43,66069c9ec3fcf1382b782f41,hatsune_miku,7c2f3580-edbb-11ee-bd68-9b0cb9569590.jpeg
66069f57c3fcf1382b782f44,66069c9ec3fcf1382b782f41,bocchi_hitori,93e35300-edbb-11ee-bd68-9b0cb9569590.jpeg
66069fa2c3fcf1382b782f46,66069c9ec3fcf1382b782f41,izumi_sagiri,c06bedb0-edbb-11ee-bd68-9b0cb9569590.jpeg
66069fe3c3fcf1382b782f48,66069c9ec3fcf1382b782f41,yamagumo_(kantai_collection),e70473c0-edbb-11ee-bd68-9b0cb9569590.jpeg
6606a030c3fcf1382b782f49,66069c9ec3fcf1382b782f41,weiss_schnee,15465730-edbc-11ee-a011-bdc872916af0.jpeg
6606a063c3fcf1382b782f4b,66069c9ec3fcf1382b782f41,nishikino_maki,33aeeac0-edbc-11ee-89b9-3d8c680a9de2.jpeg
6606a088c3fcf1382b782f4c,66069c9ec3fcf1382b782f41,izumi_sagiri,498c7380-edbc-11ee-a6cc-97e9655639f7.jpeg
6606a0ffc3fcf1382b782f4d,66069c9ec3fcf1382b782f41,kijin_seija,905024b0-edbc-11ee-abf5-5501be920fe3.jpeg
6606a124c3fcf1382b782f4e,66069c9ec3fcf1382b782f41,yamagumo_(kantai_collection),a6c70740-edbc-11ee-9969-33897fffcffa.jpeg
6606a141c3fcf1382b782f4f,66069c9ec3fcf1382b782f41,izumi_sagiri,b78d0110-edbc-11ee-acea-3d917b429a2a.jpeg
6606a167c3fcf1382b782f50,66069c9ec3fcf1382b782f41,minami_kotori,ce71e7b0-edbc-11ee-9d43-9988d4e65cf1.jpeg
6606a2c0c3fcf1382b782f51,66069c9ec3fcf1382b782f41,bocchi_hitori,9bb709d0-edbd-11ee-97f6-e1b0dd7186df.jpeg
6606a2c6c3fcf1382b782f52,66069c9ec3fcf1382b782f41,izumi_sagiri,9f8c06a0-edbd-11ee-97f6-e1b0dd7186df.jpeg
6606a2d8c3fcf1382b782f53,66069c9ec3fcf1382b782f41,izumi_sagiri,aa8d4190-edbd-11ee-8b84-81648c317e6a.jpeg